,source_id,source_name,author,title,description,url,urlToImage,publishedAt,content
0,,NPR,Bobby Allyn,Five things to know about JD Vance’s connections to tech billionaires,"Vance, who has become a darling to the Silicon Valley elite, made inroads in tech and venture capital circles during a stint in San Francisco. Now, Vance is tapping that network to supercharge the Trump re-election bid.",https://www.npr.org/2024/07/17/g-s1-11654/five-things-to-know-about-jd-vances-connections-to-tech-billionaires,https://npr.brightspotcdn.com/dims3/default/strip/false/crop/4151x2335+0+216/resize/1400/quality/100/format/jpeg/?url=http%3A%2F%2Fnpr-brightspot.s3.amazonaws.com%2F42%2Fd7%2F29efa98545868165087bcae4ee7b%2Fgettyimages-1240191184.jpg,2024-07-17T23:58:19Z,"While Ohio Senator JD Vances Appalachian roots are well-known, thanks to his best-selling memoir Hillbilly Elegy, another aspect of Vances background is now gaining attention: His connection to promi… [+6662 chars]"
1,,NPR,Greg Rosalsky,The economic mind of JD Vance,The Republican vice presidential candidate represents a sharp break from the Republicanism of yesteryear.,https://www.npr.org/sections/planet-money/2024/07/23/g-s1-12513/economic-mind-jd-vance,https://npr.brightspotcdn.com/dims3/default/strip/false/crop/3000x1688+0+156/resize/1400/quality/100/format/jpeg/?url=http%3A%2F%2Fnpr-brightspot.s3.amazonaws.com%2F0c%2F11%2F6beadbf840859baf4b381f69812b%2Fgettyimages-2162185859.jpg,2024-07-23T10:30:00Z,"Last week, former President Donald Trump selected Sen. JD Vance to be his running mate. And a host of traditional free-market conservatives and libertarians were less than thrilled. In fact, up until… [+14517 chars]"
2,business-insider,Business Insider,Kwan Wei Kevin Tan,Mark Cuban says Silicon Valley's bet on Trump is a 'Bitcoin play',"Cuban said that tech executives aren't drawn to Trump because he is a ""far stronger proponent of crypto"" but for his policies which will drive prices.",https://www.businessinsider.com/mark-cuban-silicon-valley-bet-on-trump-bitcoin-play-2024-7,https://i.insider.com/66987878fb2b6bedb05829f5?width=1200&format=jpeg,2024-07-18T03:36:14Z,"""Shark Tank"" star Mark Cuban said that Silicon Valley's support for former President Donald Trump is a ""Bitcoin play.""Brian Fluharty via Getty Images; Kamil Krzaczynski/AFP via Getty Images
<ul><li>… [+4421 chars]"
3,business-insider,Business Insider,Dan DeFrancesco,"From Amazon to Dell, Corporate America's in-office crackdown is in full swing",Companies like Amazon and Dell have been in an ongoing battle over return-to-office mandates.,https://www.businessinsider.com/amazon-dell-crackdown-in-office-mandate-coffee-badging-tracking-2024-7,https://i.insider.com/66979d539caa6ed01e024004?width=1200&format=jpeg,2024-07-17T12:43:50Z,"Nathan Stirk/Getty Images
<ul><li>This post originally appeared in the Insider Today newsletter.</li><li>You can sign up for Business Insider's daily newsletter here.</li></ul>Hi! If you've heard an… [+8058 chars]"
4,,ReadWrite,Radek Zielinski,"Bitcoin surges past $68,000 amid continued ETF inflows","Bitcoin (BTC) breached the $68,000 resistance level during Sunday night trading in Eastern Standard Time, continuing its upward trajectory. According… Continue reading Bitcoin surges past $68,000 amid continued ETF inflows
The post Bitcoin surges past $68,000…",https://readwrite.com/bitcoin-surges-past-68000-amid-continued-etf-inflows/,https://readwrite.com/wp-content/uploads/2024/07/e009442e-4fcb-42c5-a9a5-d29a19a4fce0.webp,2024-07-22T14:07:42Z,"Bitcoin (BTC) breached the $68,000 resistance level during Sunday night trading in Eastern Standard Time, continuing its upward trajectory.
According to CoinMarketCap data, the leading cryptocurrenc… [+2189 chars]"
5,,ReadWrite,Radek Zielinski,Crypto sees volatility after Joe Biden’s withdrawal,"The cryptocurrency market witnessed significant turbulence shortly after U.S. President Joe Biden announced his withdrawal from the 2024 presidential election.… Continue reading Crypto sees volatility after Joe Biden’s withdrawal
The post Crypto sees volatili…",https://readwrite.com/crypto-sees-volatility-after-joe-bidens-withdrawal/,https://readwrite.com/wp-content/uploads/2024/07/208028c4-3f4a-4bfa-b096-e4413eba0bd5.webp,2024-07-22T16:22:34Z,"The cryptocurrency market witnessed significant turbulence shortly after U.S. President Joe Biden announced his withdrawal from the 2024 presidential election.
Within a 30-minute window, nearly $67 … [+1921 chars]"
6,,ReadWrite,Radek Zielinski,Winklevoss twins donate $1M to challenge Elizabeth Warren,"Tyler and Cameron Winklevoss, co-founders of cryptocurrency exchange Gemini, have each contributed $500,000 in Bitcoin (BTC) to support efforts to… Continue reading Winklevoss twins donate $1M to challenge Elizabeth Warren
The post Winklevoss twins donate $1M…",https://readwrite.com/winklevoss-twins-donate-1m-to-challenge-elizabeth-warren/,https://readwrite.com/wp-content/uploads/2024/07/6443cd08-3692-41ed-8283-b6e2a1f462fd.webp,2024-07-19T14:04:26Z,"Tyler and Cameron Winklevoss, co-founders of cryptocurrency exchange Gemini, have each contributed $500,000 in Bitcoin (BTC) to support efforts to replace United States Senator Elizabeth Warren.
The… [+1958 chars]"
7,,ReadWrite,Alvin Hemedez,Elon Musk’s Support for Donald Trump Could Boost Dogecoin Price to $0.51,"The cryptocurrency market is experiencing a pivotal moment, attempting to break free from a two-month consolidation phase. This movement is… Continue reading Elon Musk’s Support for Donald Trump Could Boost Dogecoin Price to $0.51
The post Elon Musk’s Support…",https://readwrite.com/elon-musks-support-for-donald-trump-could-boost-dogecoin-price-to-0-51/,https://readwrite.com/wp-content/uploads/2024/07/elon-musk-support-for-donald-trump-could-boost-dogecoin-price-to-051.jpg,2024-07-23T16:31:12Z,"The cryptocurrency market is experiencing a pivotal moment, attempting to break free from a two-month consolidation phase.
This movement is challenged by significant whale activity, with large holde… [+7378 chars]"
8,,ReadWrite,Alvin Hemedez,Top 5 Meme Coin Projects to Buy Now Before the End of July,"With Bitcoin back in the green, up 13% on the week at $66,000, and Ethereum seeing gains as ETFs prepare… Continue reading Top 5 Meme Coin Projects to Buy Now Before the End of July
The post Top 5 Meme Coin Projects to Buy Now Before the End of July appeared …",https://readwrite.com/top-5-meme-coin-projects-to-buy-now-before-the-end-of-july/,https://readwrite.com/wp-content/uploads/2024/07/top-5-meme-coin-projects-to-buy-now-before-the-end-of-july.jpg,2024-07-20T19:19:59Z,"With Bitcoin back in the green, up 13% on the week at $66,000, and Ethereum seeing gains as ETFs prepare to go live soon, the cryptocurrency market is beginning to look bullish again.
With the marke… [+7017 chars]"
9,,ReadWrite,Alvin Hemedez,Few Days Left for This AI Meme Coin Presale – Invest in WAI Before It Sells Out,"WienerAI (WAI), a meme coin with AI integration, nears the end of its presale with only 9 days remaining, so… Continue reading Few Days Left for This AI Meme Coin Presale – Invest in WAI Before It Sells Out
The post Few Days Left for This AI Meme Coin Presale…",https://readwrite.com/few-days-left-for-this-ai-meme-coin-presale-invest-in-wai-before-it-sells-out/,https://readwrite.com/wp-content/uploads/2024/07/few-days-left-for-thi-ai-meme-coin-presale-invest-in-wai-before-it-sells-out.jpg,2024-07-22T10:51:08Z,"WienerAI (WAI), a meme coin with AI integration, nears the end of its presale with only 9 days remaining, so investors should act quickly for potential high returns.
This timing is opportune, as the… [+5173 chars]"
10,,ReadWrite,Alvin Hemedez,The Hottest Learn-to-Earn Crypto Presale Raises $2.5 Million – Next 100x Crypto Gem?,"The 99Bitcoins presale offers a great investment chance, driven by its Learn-to-Earn model and big staking rewards for early investors.… Continue reading The Hottest Learn-to-Earn Crypto Presale Raises $2.5 Million – Next 100x Crypto Gem?
The post The Hottest…",https://readwrite.com/the-hottest-learn-to-earn-crypto-presale-raises-2-5-million-next-100x-crypto-gem/,https://readwrite.com/wp-content/uploads/2024/07/next-100x-crypto-gem-1.jpg,2024-07-22T16:04:07Z,"The 99Bitcoins presale offers a great investment chance, driven by its Learn-to-Earn model and big staking rewards for early investors.
The growing interest in the project has pushed the $99BTC pres… [+4884 chars]"
11,,ReadWrite,Radek Zielinski,Base crypto donation platform launches for U.S. politicians,"A novel blockchain-based donation platform has emerged, enabling United States politicians to receive cryptocurrency contributions via the Coinbase-developed Base network.… Continue reading Base crypto donation platform launches for U.S. politicians
The post …",https://readwrite.com/base-crypto-donation-platform-launches-for-u-s-politicians/,https://readwrite.com/wp-content/uploads/2024/07/bb52f118-8233-4c54-a2db-0cccc6518b7d.webp,2024-07-23T14:15:24Z,"A novel blockchain-based donation platform has emerged, enabling United States politicians to receive cryptocurrency contributions via the Coinbase-developed Base network.
The platform, created by E… [+2050 chars]"
12,,ReadWrite,Radek Zielinski,Spot Ethereum ETFs Set to Launch in US on July 23,"The Securities and Exchange Commission (SEC) has approved spot Ethereum exchange-traded funds (ETFs) to begin trading in the United States… Continue reading Spot Ethereum ETFs Set to Launch in US on July 23
The post Spot Ethereum ETFs Set to Launch in US on J…",https://readwrite.com/spot-ethereum-etfs-set-to-launch-in-us-on-july-23/,https://readwrite.com/wp-content/uploads/2024/07/3fcb3228-6cde-4ae5-9797-9a38dd278d78.webp,2024-07-23T17:32:29Z,"The Securities and Exchange Commission (SEC)has approved spot Ethereum exchange-traded funds (ETFs) to begin trading in the United States on July 23, 2024.
This decision comes after the SEC approved… [+1779 chars]"
13,,ReadWrite,Radek Zielinski,Cardano founder pitches Elon Musk decentralized solution for X’s woes,"Following a recent hacking incident on X (formerly Twitter) affecting AI developer Ben Goertzel, Cardano (ADA) creator Charles Hoskinson has… Continue reading Cardano founder pitches Elon Musk decentralized solution for X’s woes
The post Cardano founder pitch…",https://readwrite.com/cardano-founder-pitches-elon-musk-decentralized-solution-for-xs-woes/,https://readwrite.com/wp-content/uploads/2024/07/a-large-white-x-on-a-black-background-with-green-d-2REZRyeDSAaKzcRXC6Hdzg-HY_L2BFuRSiNul63px-4BA.jpeg,2024-07-17T16:23:56Z,"Following a recent hacking incident on X (formerly Twitter)affecting AI developer Ben Goertzel, Cardano (ADA) creator Charles Hoskinson has suggested implementing decentralized identifiers (DIDs) to … [+2573 chars]"
14,,ReadWrite,Alvin Hemedez,Former Goldman Sachs Analyst Predicts New Profitable Cycle for Meme Coins – Shiba Inu and PlayDoge Are Experts’ Top Picks,"Former Goldman Sachs analyst Murad Mahmudov predicts the meme coin price surge as the start of a profitable cycle, urging… Continue reading Former Goldman Sachs Analyst Predicts New Profitable Cycle for Meme Coins – Shiba Inu and PlayDoge Are Experts’ Top Pic…",https://readwrite.com/former-goldman-sachs-analyst-predicts-new-profitable-cycle-for-meme-coins-shiba-inu-and-playdoge-are-experts-top-picks/,https://readwrite.com/wp-content/uploads/2024/07/former-goldman-sachs-analyst-predicts-new-profitable-cycle-for-meme-coins.jpg,2024-07-19T06:34:01Z,"Former Goldman Sachs analyst Murad Mahmudov predicts the meme coin price surge as the start of a profitable cycle, urging traders to invest despite their volatility.
Cryptocurrencies faced a tough m… [+4225 chars]"
15,,ReadWrite,Alvin Hemedez,Best Multi-Chain Altcoin for High Returns in the Next Bull Run,"Even with some challenges, the bullish market provides great opportunities for investors, especially with new presales like Base Dawgz, which… Continue reading Best Multi-Chain Altcoin for High Returns in the Next Bull Run
The post Best Multi-Chain Altcoin fo…",https://readwrite.com/best-multi-chain-altcoin-for-high-returns-in-the-next-bull-run/,https://readwrite.com/wp-content/uploads/2024/07/best-multichain-altcoin.jpg,2024-07-23T18:06:27Z,"Even with some challenges, the bullish market provides great opportunities for investors, especially with new presales like Base Dawgz, which can offer potentially high returns.
The cryptocurrency m… [+4752 chars]"
16,,ReadWrite,Alvin Hemedez,Crypto Analyst Projects Shiba Inu Price Surge as Buying Activity Jumps 180%,"Despite the Fear & Greed Index signaling extreme fear recently, with retail investors showing significant apprehension, the Shiba Inu meme… Continue reading Crypto Analyst Projects Shiba Inu Price Surge as Buying Activity Jumps 180%
The post Crypto Analyst Pr…",https://readwrite.com/crypto-analyst-projects-shiba-inu-price-surge-as-buying-activity-jumps-180/,https://readwrite.com/wp-content/uploads/2024/07/crypto-analyst-projects-shiba-inu-price-surge.jpg,2024-07-17T20:57:13Z,"Despite the Fear &amp; Greed Index signaling extreme fear recently, with retail investors showing significant apprehension, the Shiba Inu meme coin has seen a remarkable 180% surge in buys.
This une… [+5225 chars]"
17,,ReadWrite,Alvin Hemedez,"Current Market Rebound Will Lead These Three Meme Coins to Massive Gains – PlayDoge, Base Dawgz, and Pepe Unchained","The cryptocurrency market could be on the brink of a massive surge in prices, potentially leading to significant gains for… Continue reading Current Market Rebound Will Lead These Three Meme Coins to Massive Gains – PlayDoge, Base Dawgz, and Pepe Unchained
Th…",https://readwrite.com/current-market-rebound-will-lead-these-three-meme-coins-to-massive-gains-playdoge-base-dawgz-and-pepe-unchained/,https://readwrite.com/wp-content/uploads/2024/07/current-market-rebound-will-lead-these-three-meme-coins-to-massive-gains.jpg,2024-07-19T13:31:58Z,"The cryptocurrency market could be on the brink of a massive surge in prices, potentially leading to significant gains for investors if specific conditions are met.
Three promising new meme coins sh… [+7123 chars]"
18,,ReadWrite,Alvin Hemedez,"Crypto Analyst Tips Top Meme Coins For Huge Gains By 2025 – PEPU, TREMP, SHIBASHOOT, TRUMP, WAI, POPCAT, DAWGZ, PLAY, MICHI, and WIF","As we move into the latter half of 2024, investors are seeking altcoins that have the potential to generate big… Continue reading Crypto Analyst Tips Top Meme Coins For Huge Gains By 2025 – PEPU, TREMP, SHIBASHOOT, TRUMP, WAI, POPCAT, DAWGZ, PLAY, MICHI, and …",https://readwrite.com/crypto-analyst-tips-top-meme-coins-for-huge-gains-by-2025-pepu-tremp-shibashoot-trump-wai-popcat-dawgz-play-michi-and-wif/,https://readwrite.com/wp-content/uploads/2024/07/crypto-analyst-tips-top-meme-coins-for-huge-gains-by-2025.jpg,2024-07-18T15:10:41Z,"As we move into the latter half of 2024, investors are seeking altcoins that have the potential to generate big gains by the end of the year and into 2025.
With that said, here’s a breakdown of 10 b… [+8309 chars]"
19,,Yahoo Entertainment,Hope C,BlackRock's IBIT Bitcoin ETF Sees Highest Inflows Since March,BlackRock’s spot Bitcoin exchange-traded fund (ETF) has experienced its largest inflow in over four months.,https://finance.yahoo.com/news/blackrocks-ibit-bitcoin-etf-sees-081039300.html,https://media.zenfs.com/en/coinmarketcap_783/861990b4d3f801375723f75ec322858e,2024-07-23T08:10:39Z,"BlackRock's IBIT Bitcoin ETF Sees Highest Inflows Since March
BlackRocks spot Bitcoin exchange-traded fund (ETF) has experienced its largest inflow in over four months. The iShares Bitcoin Trust (IB… [+1249 chars]"
20,,The Atlantic,Helen Lewis,Tony Blair Wants Us to Stop Worrying and Embrace AI,He pushed the British left to accept capitalism. Now he’s asking the world to make peace with artificial intelligence.,https://www.theatlantic.com/ideas/archive/2024/07/tony-blair-interview-on-ai/679112/?utm_source=feed,,2024-07-21T10:00:00Z,"At first glance, Tony Blair is an unlikely evangelist for the wondrous possibilities of artificial intelligence. As prime minister of Great Britain from 1997 to 2007, he never carried a mobile phone.… [+12850 chars]"
21,cbs-news,CBS News,Robbie Owens,North Texas community says crypto-mining facility brings never-ending noise,A rural Hood County community claims a crypto-mining facility replaced the peaceful quiet with constant noise.,https://www.cbsnews.com/texas/news/north-texas-community-says-crypto-mining-facility-never-ending-noise-declining-health/,https://assets1.cbsnewsstatic.com/hub/i/r/2024/07/18/327767dd-5f56-48f6-8cff-76ceeb55ddc5/thumbnail/1200x630/34f09101da669e3795389c24d97e5d53/snapshot-2024-07-17t164718-317.jpg?v=e2b758f558b9b19612f3e16bc7fd9fcc,2024-07-24T04:20:30Z,"GRANBURY — A rural Hood County community claims a crypto-mining facility replaced the peaceful quiet of the area with constant noise, and it's affecting their health.
Crypto-mining uses computers an… [+4283 chars]"
22,,Schneier.com,Bruce Schneier,Criminal Gang Physically Assaulting People for Their Cryptocurrency,"This is pretty horrific:
…a group of men behind a violent crime spree designed to compel victims to hand over access to their cryptocurrency savings. That announcement and the criminal complaint laying out charges against St. Felix focused largely on a single…",https://www.schneier.com/blog/archives/2024/07/criminal-gang-physically-assaulting-people-for-their-cryptocurrency.html,,2024-07-18T15:33:18Z,"This is pretty horrific:
…a group of men behind a violent crime spree designed to compel victims to hand over access to their cryptocurrency savings. That announcement and the criminal complaint lay… [+685 chars]"
23,,XDA Developers,Elliot Alexander,5 must-have software security tools your computer needs,Keeping your home PC safe and secure is more important than ever. Here are some essential tools that offer protection.,https://www.xda-developers.com/5-must-have-software-security-tools-you-need-on-your-pc/,https://static1.xdaimages.com/wordpress/wp-content/uploads/2024/07/christin-hume-mfb1b1s4smc-unsplash.jpg,2024-07-19T11:00:12Z,"Key Takeaways
<ul><li>
 Antivirus software is still recommended in 2024 for protection against common and known threats on Windows and Mac.
 </li><li>
 Remember to check and enable your firewall … [+7465 chars]"
24,die-zeit,Die Zeit,ZEIT ONLINE: News -,Kryptowährung: Nach Biden-Rückzug: Bitcoin steigt auf Monatshoch,Hier finden Sie Informationen zu dem Thema „Kryptowährung“. Lesen Sie jetzt „Nach Biden-Rückzug: Bitcoin steigt auf Monatshoch“.,https://www.zeit.de/news/2024-07/22/nach-biden-rueckzug-bitcoin-steigt-auf-monatshoch,https://img.zeit.de/news/2024-07/22/nach-biden-rueckzug-bitcoin-steigt-auf-monatshoch-image-group/wide__1300x731,2024-07-22T07:28:50Z,Der Kurs des Bitcoin hat mit über 68.000 US-Dollar den höchsten Stand seit mehr als einem Monat erreicht. In der vergangenen Nacht wurde die älteste und bekannteste Kryptowährung auf der Handelsplatt… [+1352 chars]
25,die-zeit,Die Zeit,ZEIT ONLINE: News -,Kryptowährung: Handel mit Ethereum-ETFs startet in den USA,Hier finden Sie Informationen zu dem Thema „Kryptowährung“. Lesen Sie jetzt „Handel mit Ethereum-ETFs startet in den USA“.,https://www.zeit.de/news/2024-07/23/handel-mit-ethereum-etfs-startet-in-den-usa,https://img.zeit.de/news/2024-07/23/handel-mit-ethereum-etfs-startet-in-den-usa-image-group/wide__1300x731,2024-07-23T09:56:26Z,"Nachdem die US-Börsenaufsicht SEC den Weg für börsengehandelte Fonds (ETF) in der Kryptowährung Ether freigemacht hat, wird der Handel der Ethereum-ETFs ohne weitere Verzögerung beginnen. Fünf ETFs w… [+3230 chars]"
26,die-zeit,Die Zeit,ZEIT ONLINE: News -,Kryptowährung: Kommunale Ebene will von Bitcoins-Erlös profitieren,Hier finden Sie Informationen zu dem Thema „Kryptowährung“. Lesen Sie jetzt „Kommunale Ebene will von Bitcoins-Erlös profitieren“.,https://www.zeit.de/news/2024-07/17/kommunale-ebene-will-von-bitcoins-erloes-profitieren,https://img.zeit.de/news/2024-07/17/kommunale-ebene-will-von-bitcoins-erloes-profitieren-image-group/wide__1300x731,2024-07-17T11:14:13Z,Die Kommunen und Landkreise in Sachsen möchten vom sogenannten Bitcoin-Schatz profitieren. Der Sächsische Städte- und Gemeindetag (SSG) und der Landkreistag fordern eine Beteiligung von 35 Prozent am… [+2797 chars]
27,,Faz.net,Melanie Mühl,Kann ich mit KI-Aktien jetzt noch reich werden?,"Apps haben das Spekulieren an der Börse zu einem kinderleichten Spiel gemacht und ein Gefühl befeuert: Fomo. Über die Angst, das große Geld zu verpassen – und ein paar überraschende Tipps eines Fondsmanagers.",https://www.faz.net/aktuell/feuilleton/medien/ki-aktien-an-der-boerse-werde-ich-durch-spekulieren-jetzt-noch-reich-19874055.html,https://media1.faz.net/ppmedia/aktuell/259066883/1.9874707/facebook_teaser_fplus/das-geld-sitzt-in-monaco.jpg,2024-07-24T03:34:07Z,Die Börse ist grausam. Einen frühen Einstieg bei Aktien aus der Welt der Künst­lichen Intelligenz habe ich genauso verpasst wie einst den atemberaubenden Kursanstieg zahlreicher Kryptowährungen. Die … [+620 chars]
28,,MIT Technology Review,Rhiannon Williams,"The Download: Big Tech’s climate claims, and reducing your music streaming carbon footprint","This is today’s edition of The Download, our weekday newsletter that provides a daily dose of what’s going on in the world of technology. Google, Amazon and the problem with Big Tech’s climate claims Last week, Amazon trumpeted that it had purchased enough cl…",https://www.technologyreview.com/2024/07/17/1095061/the-download-big-techs-climate-claims-and-reducing-your-music-streaming-carbon-footprint/,"https://wp.technologyreview.com/wp-content/uploads/2024/07/netzero2b.jpg?resize=1200,600",2024-07-17T12:10:00Z,"As K-pop sweeps the world and accumulates a massive, devout fan base, these fans have been turning their power into action. Zeyi Yang, our China reporter, recently published a story about Kpop4planet… [+1548 chars]"
29,,Www.mdr.de,MDR SACHSEN,"Sachsen verkauft beschlagnahmte Bitcoins für 2,64 Milliarden Euro","Die Größenordnung ist hierzulande einmalig: Sächsische Ermittler haben beschlagnahmte Bitcoins aus den Verfahren gegen das Raubkopienportal ""movie2k.to"" verkauft - für etwa 2,64 Milliarden Euro. Wer das Geld bekommt, ist noch unklar.",https://www.mdr.de/nachrichten/sachsen/bitcoins-verkauf-geld-kryptowaehrung-strafverfahren-102.html,https://images.tagesschau.de/image/4cf99eec-efe5-402e-bf05-4a0b3f41aeeb/AAABkL9_lSI/AAABjwnlFvA/16x9-1280/mdr-das-logo-der-kryptowaehrung-bitcoin-btc-ist-auf-einer-muenze-zu-sehen-die-vor-einem-bitcoinchart-der-handelsplattform-100.jpg,2024-07-17T07:13:26Z,"Stand: 17.07.2024 09:13 Uhr
Es ist ein bundesweit einmaliger Vorgang: Noch nie wurde soviel Geld von sichergestellten Vermögenswerten durch eine Notveräußerung erzielt. Im Januar haben Ermittler aus… [+3999 chars]"
30,,Quartz India,Vinamrata Chaturvedi,Bitcoin miners are ditching crypto for the more profitable AI,"The Bitcoin mining reward has been reduced after Bitcoin halving, and that’s driving some companies to shift from Bitcoin mining centers to artificial intelligence data centers. Read more...",https://qz.com/bitcoin-miners-ditching-crypto-for-more-profitable-ai-1851598502,"https://i.kinja-img.com/image/upload/c_fill,h_675,pg_1,q_80,w_1200/7ff9e7ac3c7fb9e724c50f58eb80000c.jpg",2024-07-18T15:18:00Z,"The Bitcoin mining reward has been reduced after Bitcoin halving, and thats driving some companies to shift from Bitcoin mining centers to artificial intelligence data centers. 
In a recent intervie… [+2345 chars]"
31,,Quartz India,Vinamrata Chaturvedi,Blackrock and other Wall Street giants are entering a decentralized crypto industry. Will they spoil the party?,"BlackRock’s co-founder and CEO, Larry Fink, is increasingly embracing cryptocurrency. In a recent interview, he affirmed that Bitcoin is legitimate and firmly believes that there is a place for cryptocurrency in the average investor’s portfolio.Read more...",https://qz.com/blackrock-and-others-have-entered-the-crypto-industry-1851598167,"https://i.kinja-img.com/image/upload/c_fill,h_675,pg_1,q_80,w_1200/08c6caedc61349c24c887e2d4c9c79e5.jpg",2024-07-19T09:00:00Z,"BlackRocks co-founder and CEO, Larry Fink, is increasingly embracing cryptocurrency. In a recent interview, he affirmed that Bitcoin is legitimate and firmly believes that there is a place for crypto… [+3971 chars]"
32,,Quartz India,Vinamrata Chaturvedi,"Bitcoin, Ether, Dogecoin, and more: Cryptocurrencies to watch this week","This week is going to be interesting for the cryptocurrency world as spot Ether ETFs will be launched. Also, the presumptive Republican presidential nominee, Donald Trump, is scheduled to speak at the upcoming Bitcoin Conference in Nashville, Tennessee, which…",https://qz.com/bitcoin-ether-doge-and-others-crypts-to-watch-1851600833,"https://i.kinja-img.com/image/upload/c_fill,h_675,pg_1,q_80,w_1200/2256121fe4ce085de14f00d6efcaa67d.jpg",2024-07-22T12:49:55Z,"Popular memecoin Dogecoin is experiencing a surge for several reasons, including the possibility of interest rate cuts in September and the anticipation of a potential pro-crypto stance from Donald T… [+303 chars]"
33,,Quartz India,Vinamrata Chaturvedi,Spot Ether ETFs will begin trading soon. Here's why it can surpass Bitcoin.,"This week, the cryptocurrency world will see the launch of spot Ether exchange-traded funds (ETFs), which will let investors put their bets on Ether – the second largest cryptocurrency by market capitalization – in the form of stocks.Read more...",https://qz.com/spot-ether-etfs-begin-trading-1851601188,"https://i.kinja-img.com/image/upload/c_fill,h_675,pg_1,q_80,w_1200/38c0849826d8d385d3f3c331f385bd11.jpg",2024-07-22T04:20:00Z,"This week, the cryptocurrency world will see the launch of spot Ether exchange-traded funds (ETFs), which will let investors put their bets on Ether the second largest cryptocurrency by market capita… [+3700 chars]"
34,,Quartz India,Vinamrata Chaturvedi,"Elon Musk, Coinbase, Gemini, and more: Crypto players are putting cash into the 2024 election","As political attitudes toward cryptocurrencies change, the crypto industry is hopeful its fortunes will improve following the election",https://qz.com/elon-musk-coinbase-gemini-cryptocurrency-campaign-cash-1851583527,"https://i.kinja-img.com/image/upload/c_fill,h_675,pg_1,q_80,w_1200/6076a3354c6a289d637359db5a4fb2a7.jpg",2024-07-17T09:00:00Z,"Crypto has become political this election year. 
Former President Donald Trump is accepting campaign donations in Bitcoin, Ether, Dogecoin, Solana, and others, and has declared himself a crypto cand… [+974 chars]"
35,,Quartz India,Vinamrata Chaturvedi,Here are the 9 spot Ether ETFs – learn about their fees and more,"After the successful launch of the spot Bitcoin ETFs at the beginning of this year, the spot Ether exchange-traded funds (ETFs) have been launched in the U.S. markets.Read more...",https://qz.com/here-are-the-9-spot-ether-etfs-1851602569,"https://i.kinja-img.com/image/upload/c_fill,h_675,pg_1,q_80,w_1200/ad71201f49131d64c4885aa287a36f3b.jpg",2024-07-23T18:25:00Z,"After the successful launch of the spot Bitcoin ETFs at the beginning of this year, the spot Ether exchange-traded funds (ETFs) have been launched in the U.S. markets.
In case youre unfamiliar with … [+450 chars]"
36,,Quartz India,William Gavin,'It's a Bitcoin play': Mark Cuban speaks on Silicon Valley's support of Donald Trump,"When Donald Trump first ran for president in 2016, Silicon Valley seemed to widelyoppose his candidacy. Fast-forward to 2024, and elites in the region are publicly backing him in droves — but why? According to Mark Cuban, it’s all about cryptocurrency.Read mo…",https://qz.com/mark-cuban-silicon-valley-trump-bitcoin-crypto-musk-1851597062,"https://i.kinja-img.com/image/upload/c_fill,h_675,pg_1,q_80,w_1200/ac40be67fe4ba9c910a45c0466a5551d.jpg",2024-07-17T19:40:00Z,"When Donald Trump first ran for president in 2016, Silicon Valley seemed to widely oppose his candidacy. Fast-forward to 2024, and elites in the region are publicly backing him in droves but why? Acc… [+3001 chars]"
37,,Quartz India,Quartz Bot,"Trump's Bitcoin buddies, Elon Musk's endorsement, Jamie Dimon for Treasury: Leadership news roundup","When Donald Trump first ran for president in 2016, Silicon Valley seemed to widelyoppose his candidacy. Fast-forward to 2024, and elites in the region are publicly backing him in droves — but why? According to Mark Cuban, it’s all about cryptocurrency. Read m…",https://qz.com/donald-trump-bitcoin-elon-musk-jamie-dimon-jane-fraser-1851600054,"https://i.kinja-img.com/image/upload/c_fill,h_675,pg_1,q_80,w_1200/6a96abf703edff102d428078a7780ce9.jpg",2024-07-20T13:00:00Z,"Citigroup CEO Jane Fraser is a veteran in the banking industry, spending two decades of her career at the very bank she now helms.
Fraser made headlines as the first woman to run a Wall Street bank … [+150 chars]"
38,,Quartz India,Quartz Staff,"Elon Musk's space gig, Trump's Bitcoin buddies, Boeing's $1 billion order: The week's most popular stories","Over the past decade and change, SpaceX has become a leader in sending rockets into space. Now, the aerospace giant will spend $680 million to bring down the International Space Station (ISS), according to documents published Tuesday by NASA.Read more...",https://qz.com/elon-musk-spacex-donald-trump-bitcoin-boeing-disney-1851600364,"https://i.kinja-img.com/image/upload/c_fill,h_675,pg_1,q_80,w_1200/6645dbc4f0f622f2ef513da77bba7df2.jpg",2024-07-20T09:00:00Z,"Despite fears over artificial intelligence replacing workers, some employees are embracing the technology for work. In May, usage of OpenAIs ChatGPT grew 74%, from 1.8 billion site visits in April, t… [+249 chars]"
39,,Quartz India,Britney Nguyen,"Nvidia $50 trillion, TSMC earnings, chip stocks tank, and Bitcoin miners' next move: AI news roundup",Taiwan Semiconductor Manufacturing Company beat analysts’ expectations for the second quarter thanks to demand for artificial intelligence chips. The Taiwanese chipmaker reported revenue of $20.82 billion for fiscal year 2024 — up 40% from a year ago.Read mor…,https://qz.com/nvidia-market-cap-tsmc-earnings-chip-stocks-bitcoin-ai-1851599194,"https://i.kinja-img.com/image/upload/c_fill,h_675,pg_1,q_80,w_1200/eb4b98bfebca9dc7ab745be28857a66f.jpg",2024-07-19T09:00:00Z,"Despite fears over artificial intelligence replacing workers, some employees are embracing the technology for work. In May, usage of OpenAIs ChatGPT grew 74%, from 1.8 billion site visits in April, t… [+249 chars]"
40,,Quartz India,Vinamrata Chaturvedi,"Google and Tesla earnings, Trump talks Bitcoin, Ether ETFs: What to watch in the markets this week","After witnessing one of the biggest global IT outages on record, which affected the travel, finance, and healthcare industries worldwide, this week is ready to see more political drama, events, and earnings reports from tech giants. Read more...",https://qz.com/google-tesla-gm-earnings-trump-bitcoin-ether-etfs-1851600058,"https://i.kinja-img.com/image/upload/c_fill,h_675,pg_1,q_80,w_1200/ae0a67ffe86768f4e61955addcbd22a5.jpg",2024-07-21T09:00:00Z,"After witnessing one of the biggest global IT outages on record, which affected the travel, finance, and healthcare industries worldwide, this week is ready to see more political drama, events, and e… [+2146 chars]"
41,,Quartz India,Vinamrata Chaturvedi,Kamala Harris is catching up on crypto as she runs against Donald Trump,"Vice President Kamala Harris hasn’t focused much on crypto in her political career, but as crypto has become a political topic in this election year, it seems she’s doing her homework now.Read more...",https://qz.com/kamala-harris-catching-up-on-crypto-1851602898,"https://i.kinja-img.com/image/upload/c_fill,h_675,pg_1,q_80,w_1200/b723b3e884feaf6db95f802046d93fda.jpg",2024-07-23T20:39:00Z,"Vice President Kamala Harris hasnt focused much on crypto in her political career, but as crypto has become a political topic in this election year, it seems shes doing her homework now.
Entrepreneu… [+3106 chars]"
42,,Quartz India,Vinamrata Chaturvedi,Donald Trump’s fourth NFT collection is apparently on the way,"Former president Donald Trump, a self-declared pro-crypto candidate, intends to enter the NFT arena yet again. In an interview with Bloomberg, the Republican presidential nominee said that a fourth Trump-themed NFT collection is on the way.Read more...",https://qz.com/trump-reportedly-plots-fourth-nft-collection-1851596552,"https://i.kinja-img.com/image/upload/c_fill,h_675,pg_1,q_80,w_1200/60da4425380cc4adcf24d8af8b160e68.jpg",2024-07-17T16:07:00Z,"Former president Donald Trump, a self-declared pro-crypto candidate, intends to enter the NFT arena yet again. In an interview with Bloomberg, the Republican presidential nominee said that a fourth T… [+1997 chars]"
43,,Yahoo Entertainment,Rob Verdonck and Rita Nazareth,Asian Stocks Set to Follow Wall Street’s Rebound: Markets Wrap,(Bloomberg) -- Stocks in Asia are set to track a rebound on Wall Street as investors looked beyond Joe Biden ending his reelection campaign to focus on the...,https://finance.yahoo.com/news/asian-stocks-set-wall-street-231007419.html,https://s.yimg.com/ny/api/res/1.2/uTAAv_zWpqw3CNGWzgiTKw--/YXBwaWQ9aGlnaGxhbmRlcjt3PTEyMDA7aD03MTc-/https://media.zenfs.com/en/bloomberg_technology_68/07629da9536f5dd643b70f1e5552b71c,2024-07-22T23:10:07Z,"(Bloomberg) -- Stocks in Asia are set to track a rebound on Wall Street as investors looked beyond Joe Biden ending his reelection campaign to focus on the start of the tech earnings season.
Most Re… [+4719 chars]"
44,,Uol.com.br,Vinicius Marques,Quem criou o Bitcoin? O mistério continua,"Australiano é obrigado a se retratar publicamente após tentativa de se passar pelo criador do Bitcoin
The post Quem criou o Bitcoin? O mistério continua appeared first on Giz Brasil.",https://gizmodo.uol.com.br/quem-criou-o-bitcoin-o-misterio-continua/,https://gizmodo.uol.com.br/wp-content/blogs.dir/8/files/2023/12/bitcoin.jpg,2024-07-19T21:40:24Z,"Recentemente, o cientista da computação australiano Craig Wright, que vive no Reino Unido desde 2015, virou notícia ao afirmar que ele seria a pessoa por trás do pseudônimo Satoshi Nakamoto — nada me… [+3038 chars]"
45,business-insider,Business Insider,mfox@businessinsider.com (Matthew Fox),Stock market today: Indexes slide as Biden plan to tighten China chip crackdown weighs on tech,The Biden administration is considering the strictest trade restrictions on foreign companies that sell chip technologies to China.,https://markets.businessinsider.com/news/stocks/stock-market-today-chip-stocks-plunge-on-potential-china-restrictions-2024-7,https://i.insider.com/6697c9e58893442a51574a0b?width=1200&format=jpeg,2024-07-17T13:46:16Z,"US stocks were mostly lower on Wednesday after as tech slid on bad news in the chip sector. 
The Biden administration is considering the strictest trade restrictions yet on China and its ability to … [+1732 chars]"
46,business-insider,Business Insider,mfox@businessinsider.com (Matthew Fox),Stock market today: Stocks tumble as the S&P 500 caps off its worst week in 3 months,"In the week ahead, investors will have a close eye on mega-cap tech earnings from Tesla and Alphabet, the June Core PCE index, and the Q2 GDP print.",https://markets.businessinsider.com/news/stocks/stock-market-today-sp500-worst-week-since-april-amid-rotation-2024-7,https://i.insider.com/669ac717fb2b6bedb058e169?width=1200&format=jpeg,2024-07-19T20:05:59Z,"US stocks closed lower on Friday, capping off the worst week for the S&amp;P 500 since mid-April.
The decline on Friday extended the trend of smaller-cap stocks outperforming large-cap peers, which … [+1736 chars]"
47,business-insider,Business Insider,mfox@businessinsider.com (Matthew Fox),Stock market today: US stocks rise as traders try to come back after worst week since April,A potential Kamala Harris presidency is seen as being more friendly to mega-cap tech companies than a Donald Trump presidency.,https://markets.businessinsider.com/news/stocks/stock-market-today-traders-rebound-after-worst-week-since-april-2024-7,https://i.insider.com/668be796268f62ba18a7fcb8?width=1200&format=jpeg,2024-07-22T13:44:01Z,"US stocks were looking to rebound on Monday following their worst week since April.
The gains came one day after President Joe Biden announced he would not seek re-election, and instead endorsed his… [+1631 chars]"
48,,Netzpolitik.org,Tomas Rudl,J. D. Vance: Kreuzritter voller Widersprüche,"J. D. Vance bei einer Konferenz von Turning Point USA, einer rechtskonservativen Studentenorganisation. – CC-BY-SA 2.0 Gage Skidmore
Der Präsidentschaftswahlkampf in den USA biegt langsam in die Zielgerade ein. Diese Woche entscheiden die Republikaner über i…",https://netzpolitik.org/2024/j-d-vance-kreuzritter-voller-widersprueche/,https://cdn.netzpolitik.org/wp-upload/2024/07/51128031756_647929f07d_k-e1721312344963-1200x675.jpg,2024-07-18T15:01:37Z,"J. D. Vance ist ein Politiker der Widersprüche. Ein einfacher Mann des Volkes, wie er sich gerne präsentiert, aber mit einem Hochschulabschluss der prestigeträchtigen Yale Law School. Ein Kreuzritter… [+4824 chars]"
49,,Netzpolitik.org,Maximilian Henning,Standstill in EU Parliament: How Conservatives are stalling the Digital Euro,"Stefan Berger und Markus Ferber in the Committee on Economic and Monetary Affairs. – Alle Rechte vorbehalten EU-Parlament
The European Parliament is negotiating a law on the Digital Euro – until now, with no result. Leading the negotiations is the European P…",https://netzpolitik.org/2024/standstill-in-eu-parliament-how-conservatives-are-stalling-the-digital-euro/,https://cdn.netzpolitik.org/wp-upload/2024/07/1674491549739_20230123_EP-143590A_AR2_331-1-1200x675.jpg,2024-07-17T10:37:45Z,"The German language has a word for the fear of not getting something done before a deadline: „Torschlusspanik“. Originally, this referred to inhabitants of a walled city panicking when the guards shu… [+15769 chars]"
50,,Netzpolitik.org,Maximilian Henning,Stillstand im EU-Parlament: Wie Konservative den Digitalen Euro verzögern,"Stefan Berger und Markus Ferber im Ausschuss für Wirtschaft und Währung. – Alle Rechte vorbehalten EU-Parlament
Das Europäische Parlament verhandelt das Gesetz zum Digitalen Euro – bisher ohne Ergebnis. Federführend ist die konservative Europäische Volkspart…",https://netzpolitik.org/2024/stillstand-im-eu-parlament-wie-konservative-den-digitalen-euro-verzoegern/,https://cdn.netzpolitik.org/wp-upload/2024/07/1674491549739_20230123_EP-143590A_AR2_331-1200x675.jpg,2024-07-17T10:37:49Z,"Torschlusspanik – das fasst das Gefühl in Brüssel in den Monaten vor der Europawahl ganz gut zusammen. Denn im April hatte das EU-Parlament seine letzte Sitzung, damit ist erstmal Schicht im Schacht.… [+15987 chars]"
51,,New Atlas,Joe Salas,Renewable wind energy blows away coal-fired power in the US,"Good news for planet Earth, at least as far as the data shows for the United States. According to the US Energy Information Administration, in the five years from 2019 to 2024, in March and April specifically, electricity production using wind power has almos…",https://newatlas.com/energy/wind-energy-overtakes-coal-usa/,https://assets.newatlas.com/dims4/default/5259c57/2147483647/strip/true/crop/2000x1050+0+161/resize/1200x630!/quality/90/?url=http%3A%2F%2Fnewatlas-brightspot.s3.amazonaws.com%2F2a%2F6d%2F51dfb5fe4182b554a9d460457cd5%2Fdepositphotos-729947466-l.jpg&na.image_optimisation=0,2024-07-22T02:16:59Z,"Good news for planet Earth, at least as far as the data shows for the United States. According to the US Energy Information Administration, in the five years from 2019 to 2024, in March and April spe… [+6716 chars]"
52,,Clubic,Mélina LOUPIA,Le ver était dans le fruit : la cyberattaque de Capgemini avait été mise au point par un de ses ingénieurs,"Un ingénieur de 26 ans, employé chez Capgemini à Toulouse, a été arrêté en mai 2024 pour avoir piraté son propre employeur. Il avait utilisé le malware Knight pour chiffrer des données sensibles et demander une rançon, ce qui l'a longtemps fait passer pour un…",https://www.clubic.com/actualite-532953-le-ver-etait-dans-le-fruit-la-cyberattaque-de-capgemini-avait-ete-mise-au-point-par-un-de-ses-ingenieurs.html,https://pic.clubic.com/v1/images/1726247/raw,2024-07-18T14:36:00Z,"Le 2 octobre 2023, Capgemini se réveille avec la gueule de bois. Un de ses serveurs contenant des données ultra-sensibles vient d'être chiffré. Le coupable ? Un rançongiciel baptisé Knight. Ce petit … [+1229 chars]"
53,,TalkAndroid,Irene Okpanachi,AT&T Reportedly Paid Hackers To Delete Stolen Data,AT&T pays hacker that hit them to delete user data.,https://www.talkandroid.com/484582-att-hack-ransom-data/,https://www.talkandroid.com/wp-content/uploads/2024/07/ATT-building-front-view.jpg,2024-07-17T17:46:38Z,"On July 12, AT&amp;T suffered a major data breach that exposed the call and text records of nearly all its cellular customers. The records stretch back to October 2022, and the breach also affected c… [+2847 chars]"
54,marca,Marca,MC,¿Qué se sabe del Grupo Caltac? Los nuevos y extraños socios del América de Cali,"El pasado miércoles 17 de julio del 2024, en horas de la noche, se compartió públicamente un comunicado oficial en las redes y plataformas del América de Cali para anunciar un acue",https://www.marca.com/co/2024/07/18/669949c8268e3e956a8b45c3.html,https://phantom-marca.unidadeditorial.es/cf5134bf3ec0ee42dc8113612b663c0e/resize/1200/f/webp/assets/multimedia/imagenes/2024/07/18/17213218492383.jpg,2024-07-18T18:59:04Z,"El pasado miércoles 17 de julio del 2024, en horas de la noche, se compartió públicamente un comunicado oficial en las redes y plataformas del América de Cali para anunciar un acuerdo con el Grupo Ca… [+5234 chars]"
55,focus,Focus,dpa,Präsidentschaftswahl - Nach Biden-Rückzug steigt Kryptowährung Bitcoin auf Monatshoch,Joe Biden wirft als Präsidentschaftskandidat der Demokraten hin – und die Kryptowährung steigt über 68.000 Dollar. Das liegt auch an den erwarteten Siegchancen seiner potenziellen Nachfolgerin.,https://www.focus.de/finanzen/boerse/praesidentschaftswahl-nach-biden-rueckzug-steigt-kryptowaehrung-bitcoin-auf-monatshoch_id_260157749.html,https://p6.focus.de/img/fotos/id_260157983/bitcoins-81753389.jpg?im=Crop%3D%280%2C577%2C3464%2C1732%29%3BResize%3D%281200%2C627%29&impolicy=perceptual&quality=mediumHigh&hash=158bf26ba02f905a09330f216dc41d935f63f1d8ee668e88d465c12b329c84c1,2024-07-22T08:33:00Z,Joe Biden wirft als Präsidentschaftskandidat der Demokraten hin und die Kryptowährung steigt über 68.000 Dollar. Das liegt auch an den erwarteten Siegchancen seiner potenziellen Nachfolgerin.Mit über… [+1613 chars]
56,,Basicthinking.de,Christian Erxleben,Digitaler Euro: Gefahr und Diskriminierung für große Teile der Bevölkerung?,"Die Europäische Union arbeitet seit mehreren Jahren an der Einführung einer digitalen Währung. Dabei ist ein digitaler Euro vor allem eine Gefahr und weniger eine Chance. Primär geht es um Diskriminierung von Alten, Einkommensschwachen und eine mögliche Überw…",https://www.basicthinking.de/blog/2024/07/22/digitaler-euro-gefahr-datenschutz-altersdiskriminierung/,https://www.basicthinking.de/blog/wp-content/uploads/2024/07/euro-foto-unsplash-com-tabrez-syed.jpg,2024-07-22T03:45:45Z,Die Europäische Union arbeitet seit mehreren Jahren an der Einführung einer digitalen Währung. Dabei ist ein digitaler Euro vor allem eine Gefahr und weniger eine Chance. Primär geht es um Diskrimini… [+4500 chars]
57,,Nakedcapitalism.com,Lambert Strether,Links 7/18/2024,Our cuddly daily links,https://www.nakedcapitalism.com/2024/07/links-7-18-2024.html,https://www.nakedcapitalism.com/wp-content/uploads/2024/07/Koala_with_young.jpg,2024-07-18T10:58:34Z,"Colorado rattlesnake “mega den” gaining national attention via webcam for citizen science The Colorado Sun
Near-extinct crocodiles make comeback in Cambodia BBC
Wall Street Senses the Barbarians Ar… [+7245 chars]"
58,,Forbes,"Clem Chambers, Senior Contributor, 
 Clem Chambers, Senior Contributor
 https://www.forbes.com/sites/investor/people/clem/",Will Ethereum Catch Up With Bitcoin?,"Since the bottom of the crypto winter, bitcoin has outperformed ether. But can either make a run at bitcoin?",https://www.forbes.com/sites/digital-assets/2024/07/23/will-ethereum-catch-up-with-bitcoin/,https://imageio.forbes.com/specials-images/imageserve/669fb0dd11d6449502e43b20/0x0.jpg?format=jpg&height=900&width=1600&fit=bounds,2024-07-23T14:33:07Z,"getty
getty
When two linked assets diverge, there is a simple call to make. The assets will stay diverged and perhaps diverge further or they will revert at some time in the future. You can use the… [+3947 chars]"
59,,Forbes,"Billy Bambrough, Senior Contributor, 
 Billy Bambrough, Senior Contributor
 https://www.forbes.com/sites/billybambrough/",‘Are You Ready?’—Elon Musk Fans Wild Rumors Donald Trump Will Create A U.S. Bitcoin Strategic Reserve And Trigger Crypto Price Chaos,Wild rumors are swirling that Donald Trump could announce he'd create a U.S. bitcoin strategic reserve during his much-hyped appearance at the Bitcoin 2024 conference in Nashville next week...,https://www.forbes.com/sites/digital-assets/2024/07/22/its-inevitable-bitcoin-price-suddenly-soars-on-wild-rumors-donald-trump-will-create-a-us-bitcoin-strategic-reserve/,https://imageio.forbes.com/specials-images/imageserve/669bf2c83f1d71c67f1a8ab0/0x0.jpg?format=jpg&height=900&width=1600&fit=bounds,2024-07-22T11:35:26Z,"07/22 update below. This post was originally published on July 21
BitcoinBitcoin
 has exploded back to life this month as traders bet former U.S. president Donald Trump will trigger a bitcoin price… [+5201 chars]"
60,,Forbes,"Clem Chambers, Senior Contributor, 
 Clem Chambers, Senior Contributor
 https://www.forbes.com/sites/investor/people/clem/",Bitcoin Has Surged: What Should Investors Do?,Bitcoin has come storming back as the Mt Gox and the German disposal cracked bitcoin out of its range in a manner to test even the most bullish holder.,https://www.forbes.com/sites/digital-assets/2024/07/22/bitcoin-has-surged-what-should-investors-do/,https://imageio.forbes.com/specials-images/imageserve/669e3e736102772710f3a6f3/0x0.jpg?format=jpg&height=900&width=1600&fit=bounds,2024-07-22T14:38:44Z,"Bitcoin has rallied.
getty
The Mt Gox and the German disposal cracked bitcoinBitcoin
 out of its range in a manner to test even the most bullish holder, let alone anyone who fancies interpreting c… [+2940 chars]"
61,,Forbes,"Billy Bambrough, Senior Contributor, 
 Billy Bambrough, Senior Contributor
 https://www.forbes.com/sites/billybambrough/",‘It’s Inevitable’—Bitcoin Price Suddenly Soars On Wild Rumors Donald Trump Will Create A U.S. Bitcoin Strategic Reserve,Wild rumors are swirling that Donald Trump could announce he'd create a U.S. bitcoin strategic reserve during his much-hyped appearance at the Bitcoin 2024 conference in Nashville next week...,https://www.forbes.com/sites/digital-assets/2024/07/21/its-inevitable-bitcoin-price-suddenly-soars-on-wild-rumors-donald-trump-will-create-a-us-bitcoin-strategic-reserve/,https://imageio.forbes.com/specials-images/imageserve/669bf2c83f1d71c67f1a8ab0/0x0.jpg?format=jpg&height=900&width=1600&fit=bounds,2024-07-21T11:30:38Z,"BitcoinBitcoin
 has exploded back to life this month as traders bet former U.S. president Donald Trump will trigger a bitcoin price boom.
Subscribe now to Forbes' CryptoAsset &amp; Blockchain Advis… [+4249 chars]"
62,,Forbes,"Billy Bambrough, Senior Contributor, 
 Billy Bambrough, Senior Contributor
 https://www.forbes.com/sites/billybambrough/","Billionaire Mark Cuban Issues ‘Crazy’ Bitcoin Price Prediction Amid Wild Ethereum, XRP And Crypto Swings","Billionaire investor Mark Cuban has issued a ""crazy"" bitcoin price prediction...",https://www.forbes.com/sites/digital-assets/2024/07/19/billionaire-mark-cuban-issues-crazy-bitcoin-price-prediction-amid-wild-ethereum-xrp-and-crypto-swings/,https://imageio.forbes.com/specials-images/imageserve/669a594deb3239dfd0d95766/0x0.jpg?format=jpg&height=900&width=1600&fit=bounds,2024-07-19T12:35:23Z,"Bitcoin has exploded into the lime light over the last few weeks, with former U.S. president Donald Trump revealing a bitcoin bombshell.
Subscribe now to Forbes' CryptoAsset &amp; Blockchain Advisor… [+3886 chars]"
63,,Forbes,"Susie Violet Ward, Contributor, 
 Susie Violet Ward, Contributor
 https://www.forbes.com/sites/susievioletward/",Bitcoin Payment Solutions With BTCPay Server And Musqet,"How BTCPay Server and Musqet are transforming bitcoin payments, offering solutions for both e-commerce and physical stores.",https://www.forbes.com/sites/digital-assets/2024/07/18/bitcoin-payment-solutions-with-btcpay-server-and-musqet/,"https://imageio.forbes.com/specials-images/imageserve/6698f3a21e56c91b3db5de37/0x0.jpg?format=jpg&crop=2627,1881,x0,y0,safe&height=900&width=1600&fit=bounds",2024-07-18T12:23:31Z,"View of a Bitcoin sign announcing the acceptance of the bitcoin for payments Photo by Kellys ... [+] Portillo
Getty Images
Bitcoins rapid adoption as a means of payment has led to the development o… [+6774 chars]"
64,,Forbes,"Billy Bambrough, Senior Contributor, 
 Billy Bambrough, Senior Contributor
 https://www.forbes.com/sites/billybambrough/",‘He’s Changed His Tune’—Trump Reveals JPMorgan CEO’s ‘Sudden’ Bitcoin And Crypto Flip Amid Huge Price Surge,"Donald Trump has revealed JPMorgan CEO Jamie Dimon, an arch-bitcoin and crypto skeptic, has ""all of a sudden changed his tune""...",https://www.forbes.com/sites/digital-assets/2024/07/17/hes-changed-his-tune-trump-reveals-jpmorgan-ceos-sudden-bitcoin-and-crypto-flip-amid-huge-price-surge/,"https://imageio.forbes.com/specials-images/imageserve/6697e73d601797e33bd259e9/0x0.jpg?format=jpg&crop=2778,1706,x0,y0,safe&height=900&width=1600&fit=bounds",2024-07-17T17:55:18Z,"BitcoinBitcoin
 has rocketed higher over the last year as the chief executive of the world's largest asset manager, BlackRock, admits he got bitcoin wrong.
Subscribe now to Forbes' CryptoAsset &amp… [+4885 chars]"
65,,Forbes,"Robert Hart, Forbes Staff, 
 Robert Hart, Forbes Staff
 https://www.forbes.com/sites/roberthart/",Dollar Falls And Stocks Rise After Biden Drops Out Of Presidential Race,"Crypto prices for tokens like Bitcoin spiked on Monday after Biden pulled out of the race, though pared gains later in the day.",https://www.forbes.com/sites/roberthart/2024/07/22/dollar-falls-and-stocks-rise-after-biden-drops-out-of-presidential-race/,"https://imageio.forbes.com/specials-images/imageserve/669e4ac45874017e1c9a8535/0x0.jpg?format=jpg&crop=2866,1613,x0,y148,safe&height=900&width=1600&fit=bounds",2024-07-22T12:05:26Z,U.S. markets climbed modestly on Monday morning after President Joe Biden dropped out of the presidential race and endorsed Vice President Kamala Harris over the weekend following weeks of mounting p… [+4362 chars]
66,,Forbes,"Sean Stein Smith, Contributor, 
 Sean Stein Smith, Contributor
 https://www.forbes.com/sites/seansteinsmith/",3 Wish List Items For Crypto Investors,3 Wish List Items For Crypto Investors,https://www.forbes.com/sites/digital-assets/2024/07/21/3-wish-list-items-for-crypto-investors/,https://imageio.forbes.com/specials-images/imageserve/6224e0d339c41371dc1f1af4/0x0.jpg?format=jpg&height=900&width=1600&fit=bounds,2024-07-21T14:43:42Z,"Crypto is mainstream, and policymakers are taking notice 
Getty Images
With the Republican Party solidifying its ticket for the Presidential race with the addition of J.D. Vance, there is yet anoth… [+4937 chars]"
67,,Forbes,"Derek Saul, Forbes Staff, 
 Derek Saul, Forbes Staff
 https://www.forbes.com/sites/dereksaul/",Mark Cuban Mark Cuban's Theory For Trump's Silicon Valley Support: Instability Will Help Bitcoin,"“You can’t align the stars any better for a BTC price acceleration” than Trump’s economic blueprint, according to Cuban, who simultaneously predicted the decline of the dollar under Trump.",https://www.forbes.com/sites/dereksaul/2024/07/17/mark-cuban-mark-cubans-theory-for-trumps-silicon-valley-support-instability-will-help-bitcoin/,"https://imageio.forbes.com/specials-images/imageserve/669825f9a38d8d5b29815af3/0x0.jpg?format=jpg&crop=3422,1923,x0,y0,safe&height=900&width=1600&fit=bounds",2024-07-17T20:19:08Z,"Donald Trumps growingsupport among prominent technology figures is a bitcoin play, posited billionaire Trump critic Mark Cuban, offering an arguableand in Cubans words, contrarytheory that the potent… [+4456 chars]"
68,,Forbes,"Roger Huang, Contributor, 
 Roger Huang, Contributor
 https://www.forbes.com/sites/rogerhuang/","Your Guide To Nostr, The Decentralized Network For Everything",Nostr is gaining prominence as a decentralized social media network - but that just scratches the surface of what it can do.,https://www.forbes.com/sites/digital-assets/2024/07/17/your-guide-to-nostr-the-decentralized-network-for-everything/,https://imageio.forbes.com/specials-images/imageserve/669496a9d892a2e12a405e25/0x0.jpg?format=jpg&height=900&width=1600&fit=bounds,2024-07-17T16:15:00Z,"MIAMI, FLORIDA - JUNE 04: Jack Dorsey creator, co-founder, and Chairman of Twitter and co-founder &amp; ... [+] CEO of Square on stage at the Bitcoin 2021 Convention, a crypto-currency conference hel… [+5253 chars]"
69,,Forbes,"Jaime Catmull, Contributor, 
 Jaime Catmull, Contributor
 https://www.forbes.com/sites/jaimecatmull/",Budgeting & Money Management In 2024 — Fintech Apps Will Save Your Economic Future,"What apps do you need to manage your day-to-day economics and financial planning for now, retirement, and the future? W",https://www.forbes.com/sites/jaimecatmull/2024/07/19/budgeting--money-management-in-2024---fintech-apps-will-save-your-economic-future/,https://imageio.forbes.com/specials-images/imageserve/669a03266531980c74cdc70b/0x0.jpg?format=jpg&height=900&width=1600&fit=bounds,2024-07-19T06:21:19Z,"Social media, connection and woman typing on a phone for communication, app and chat. Web, search ... [+] and corporate employee reading a conversation on a mobile, networking and texting on a mobile… [+9480 chars]"
70,,Forbes,"Frank Holmes, Contributor, 
 Frank Holmes, Contributor
 https://www.forbes.com/sites/greatspeculations/people/frankholmes/",Business-Friendly Policies Drive Corporate Relocations To Texas,A seismic shift is taking place in corporate America as even more companies announce plans to relocate from blue states to more business-friendly jurisdictions like Texas,https://www.forbes.com/sites/greatspeculations/2024/07/22/business-friendly-policies-drive-corporate-relocations-to-texas/,https://imageio.forbes.com/specials-images/imageserve/669e962b0d189a3926307af5/0x0.jpg?format=jpg&height=900&width=1600&fit=bounds,2024-07-22T17:29:12Z,"California/Texas road signs
getty
A seismic shift is taking place in corporate America as even more companies announce plans to relocate from blue states to more business-friendly jurisdictions lik… [+6121 chars]"
71,,Forbes,"Danielle Chemtob, Forbes Staff, 
 Danielle Chemtob, Forbes Staff
 https://www.forbes.com/sites/daniellechemtob/",Forbes Daily: The Venture Capitalists Backing Trump’s Reelection Bid,"Wednesday's edition of Forbes Daily covers bitcoin's 'Trump factor,' another Dow record, Musk moving X and SpaceX to Texas, weight loss drug competition and more.",https://www.forbes.com/sites/daniellechemtob/2024/07/17/forbes-daily-the-venture-capitalists-backing-trumps-reelection-bid/,"https://imageio.forbes.com/specials-images/imageserve/6697b8cdef5c1f4bfa2cd525/0x0.jpg?format=jpg&crop=2999,1687,x0,y103,safe&height=900&width=1600&fit=bounds",2024-07-17T12:31:01Z,"This is a published version of the Forbes Daily newsletter, you can sign-up to get Forbes Daily in your inbox here.
Good morning,
Wednesday is expected to be another day of sweltering temperatures … [+8381 chars]"
72,,Forbes,"Roomy Khan, Contributor, 
 Roomy Khan, Contributor
 https://www.forbes.com/sites/roomykhan/",Hardware Wallets: Enhancing Digital Security And Catalyzing Adoption,Integration of hardware wallet security with traditional financial infrastructure marks a pivotal milestone in cryptocurrency's evolution paving the way to mass adoption.,https://www.forbes.com/sites/roomykhan/2024/07/17/hardware-wallets-enhancing-digital-security-and-catalyzing-adoption/,https://imageio.forbes.com/specials-images/imageserve/6697d5c5533631db3dff6894/0x0.jpg?format=jpg&height=900&width=1600&fit=bounds,2024-07-17T14:57:31Z,"Concept of protection and cryptocurrency storage. 3D rendering
getty
The cryptocurrency revolution is rapidly transforming the global financial landscape, driving unprecedented adoption and investm… [+10534 chars]"
73,,Forbes,"Roger Huang, Contributor, 
 Roger Huang, Contributor
 https://www.forbes.com/sites/rogerhuang/",Bangladesh: Nearly 200 Dead Under The Cover Of Internet Censorship,What Bangladesh is doing shows the commitment of certain states to using technology in a way that suits state power - to bloody effect.,https://www.forbes.com/sites/digital-assets/2024/07/23/bangladesh-nearly-200-dead-under-the-cover-of-internet-censorship/,https://imageio.forbes.com/specials-images/imageserve/66a00a6c29bee43b04a31d6c/0x0.jpg?format=jpg&height=900&width=1600&fit=bounds,2024-07-23T19:58:00Z,"TOPSHOT - Anti-quota protesters clash with the police in Dhaka on July 18, 2024. Bangladesh students ... [+] vowed on July 18 to continue nationwide protests against civil service hiring rules, rebuf… [+5068 chars]"
74,,Forbes,"Gene Marks, Contributor, 
 Gene Marks, Contributor
 https://www.forbes.com/sites/quickerbettertech/",Business Tech Roundup: Auto Dealership Software Platform Pays $25M Ransom,Also: Google and Microsoft introduce new AI tools and the German navy still uses floppy disks.,https://www.forbes.com/sites/quickerbettertech/2024/07/21/business-tech-roundup-auto-dealership-software-platform-pays-25m-ransom/,https://imageio.forbes.com/specials-images/imageserve/669a09fbf3a3ed4618daf72e/0x0.jpg?format=jpg&height=900&width=1600&fit=bounds,2024-07-21T11:00:00Z,"UKRAINE - 2024/06/27: In this photo illustration, a CDK Global Inc. logo is seen on a smartphone ... [+] screen. (Photo Illustration by Pavlo Gonchar/SOPA Images/LightRocket via Getty Images)
SOPA I… [+4827 chars]"
75,,Forbes,"Hinza Asif, Forbes Councils Member, 
 Hinza Asif, Forbes Councils Member
 https://www.forbes.com/sites/forbesbusinesscouncil/people/hinzaasif/",Nine Strategies To Build Credibility And Community In The Web3 Space,"A strong personal brand establishes credibility, attracts partnerships, fosters community engagement and drives innovation.",https://www.forbes.com/sites/forbesbusinesscouncil/2024/07/22/nine-strategies-to-build-credibility-and-community-in-the-web3-space/,https://imageio.forbes.com/specials-images/imageserve/669e9e699547728daab208bf/0x0.jpg?format=jpg&height=900&width=1600&fit=bounds,2024-07-22T18:02:48Z,"Hinza Asif is a leader at NFTStudio24, a decentralized media platform dedicated to empowering creators and promoting Web3 technologies.
Influencer creating social media content 
DisobeyArt - stock.… [+5588 chars]"
76,,Forbes,"David Bloom, Senior Contributor, 
 David Bloom, Senior Contributor
 https://www.forbes.com/sites/dbloom/",Why The Apple Vision Pro Is Like Tesla In Matthew Ball’s New/Old Book,"The Apple Vision Pro has more in common with Tesla than either company may realize, argues Matthew Ball in the second edition of his influential book, The Metaverse.",https://www.forbes.com/sites/dbloom/2024/07/22/why-the-apple-vision-pro-is-like-tesla-in-matthew-balls-newold-book/,https://imageio.forbes.com/specials-images/imageserve/669f094750f07f1327203561/0x0.jpg?format=jpg&height=900&width=1600&fit=bounds,2024-07-23T02:30:02Z,"(Image courtesy of Matthew Ball)
On the second anniversary of the publication of Matthew Balls The Metaverse: And How It Will Revolutionize Everything,I talked with the consultant and essayist about… [+7861 chars]"
77,,Forbes,"Charlie Fink, Contributor, 
 Charlie Fink, Contributor
 https://www.forbes.com/sites/charliefink/","“The Metaverse, Building The Spatial Internet,” By Matthew Ball",A review of the second edition of the NY Times Bestseller about the 3D successor to today's Internet.,https://www.forbes.com/sites/charliefink/2024/07/22/the-metaverse-building-the-spatial-internet-by-matthew-ball/,https://imageio.forbes.com/specials-images/imageserve/66981578391eb11b23fb6ca1/0x0.jpg?format=jpg&height=900&width=1600&fit=bounds,2024-07-22T10:30:00Z,"In this fully revised and updated edition of his internationally best-selling book, The Metaverse, and How It Will Revolutionize Everything
, entrepreneur, investor, and blogger Matthew Ball present… [+6188 chars]"
78,,Forbes,"Amy Feldman, Forbes Staff, 
 Amy Feldman, Forbes Staff
 https://www.forbes.com/sites/amyfeldman/",Elon Musk’s Mad Dash To Build A Power-Hungry AI Supercomputer,"In this week's Current Climate newsletter, Elon Musk's mad dash to build a water- and power-hungry AI supercomputer, Vietnamese billionaire's VinFast delays U.S. factory, and biomass-based carbon removal",https://www.forbes.com/sites/amyfeldman/2024/07/22/elon-musks-mad-dash-to-build-a-power-hungry-ai-supercomputer-vinfast-graphyte/,https://imageio.forbes.com/specials-images/imageserve/669a8003ae76b358e1791d6a/0x0.jpg?format=jpg&height=900&width=1600&fit=bounds,2024-07-22T11:00:00Z,"This weeks Current Climate, which every Monday brings you the latest news about the business of sustainability. Sign up to get it in your inbox every week.
NATHAN LAINE / BLOOMBERG
Elon Musk took r… [+7780 chars]"
79,,Forbes,"Danielle Chemtob, Forbes Staff, 
 Danielle Chemtob, Forbes Staff
 https://www.forbes.com/sites/daniellechemtob/",Forbes Daily: Big Tech Stocks Flail In Evidence Of Market Repositioning,"Thursday's edition of Forbes Daily covers Nasdaq's big drop, Biden tests positive for Covid, AMD buys Silo AI, luxury fashion trouble, Secret Service pushback and more.",https://www.forbes.com/sites/daniellechemtob/2024/07/18/forbes-daily-big-tech-stocks-flail-in-evidence-of-market-repositioning/,"https://imageio.forbes.com/specials-images/imageserve/669903b7d3ee660b709a89af/0x0.jpg?format=jpg&crop=1138,641,x0,y3,safe&height=900&width=1600&fit=bounds",2024-07-18T12:07:17Z,"This is a published version of the Forbes Daily newsletter, you can sign-up to get Forbes Daily in your inbox here.
Good morning,
Martine Rothblatt started United Therapeutics nearly three decades … [+9173 chars]"
80,,Forbes,"David Nour, Contributor, 
 David Nour, Contributor
 https://www.forbes.com/sites/davidnour/",Critical Leadership Skills To Accelerate Trust As A New Asset Class,How do you introduce a new asset class in a highly regulated industry? It takes five critical leadership skills to accelerate trust.,https://www.forbes.com/sites/davidnour/2024/07/19/critical-leadership-skills-to-accelerate-trust-as-a-new-asset-class/,https://imageio.forbes.com/specials-images/imageserve/669a71d33e337cdf598191e5/0x0.jpg?format=jpg&height=900&width=1600&fit=bounds,2024-07-19T14:31:41Z,"Jordi Dominguez, Director of Nav Labs SPC Ltd.
Jordi Dominguez
Traditional hedge funds are pooled investment vehicles that employ various financial engineering strategies to earn active returns for… [+8850 chars]"
81,,Forbes,"MoneyShow, Contributor, 
 MoneyShow, Contributor
 https://www.forbes.com/sites/moneyshow/people/moneyshow/",First Rotation. Then Liquidation. What’s Next For Investors?,"We’ve seen some wild market action so far in July! First, we had former leaders like “Big Tech” getting sold, while former laggards like small caps were getting bought",https://www.forbes.com/sites/moneyshow/2024/07/19/first-rotation-then-liquidation-whats-next-for-investors/,"https://imageio.forbes.com/specials-images/imageserve/669ad6b5eda63428f2532f5b/0x0.jpg?format=jpg&crop=3456,1944,x0,y178,safe&height=900&width=1600&fit=bounds",2024-07-19T21:13:15Z,"Weve seen some wild market action so far in July! First, we had former leaders like Big Tech getting sold, while former laggards like small caps were getting bought. Then more recently, almost EVERYT… [+8029 chars]"
82,,Tecmundo.com.br,Nilton Kleina,J.D. Vance: o que o candidato a vice de Donald Trump pensa de tecnologia?,"O senador J.D. Vance, do partido Republicano pelo estado de Ohio, foi o escolhido de Donald Trump para o cargo de vice-presidente na corrida eleitoral dos Estados Unidos. A dupla, caso saia vitoriosa, pode ter um grande impacto na atividade de gigantes da tec…",https://www.tecmundo.com.br/mercado/287148-j-d-vance-candidato-vice-donald-trump-pensa-tecnologia.htm,https://tm.ibxk.com.br/2024/07/17/17165625673293.jpg?ims=1200xorig,2024-07-17T19:57:17Z,"O senador J.D. Vance, do partido Republicano pelo estado de Ohio, foi o escolhido de Donald Trump para o cargo de vice-presidente na corrida eleitoral dos Estados Unidos. A dupla, caso saia vitoriosa… [+1994 chars]"
83,,Biztoc.com,cointelegraph.com,"Bitcoin price advance toward $68K sets a bullish path for SOL, ICP, GRT and BONK","Bitcoin price advance toward $68K sets a bullish path for SOL, ICP, GRT and BONK Cointelegraph
Bitcoin price 'explosive move' puts old $69K all-time high in sight Cointelegraph
Bitcoin rebounds above $68,000 as US ETFs continue positive streak The Block
Bitco…",https://biztoc.com/x/5565fd8cfa565286,https://biztoc.com/cdn/800/og.png,2024-07-22T06:21:55Z,"Bitcoin price advance toward $68K sets a bullish path for SOL, ICP, GRT and BONK CointelegraphBitcoin price 'explosive move' puts old $69K all-time high in sight CointelegraphBitcoin rebounds above $… [+140 chars]"
84,,Biztoc.com,theblock.co,Lightning Labs eyes improving stablecoin settlement with launch of updated Taproot Assets,"A newer version of Taproot Assets, which allows users to mint digital assets like stablecoins on Bitcoin, launched on mainnet.",https://biztoc.com/x/cfe97715c2049cc9,https://biztoc.com/cdn/cfe97715c2049cc9_s.webp,2024-07-23T21:16:21Z,"A newer version of Taproot Assets, which allows users to mint digital assets like stablecoins on Bitcoin, launched on mainnet.
This story appeared on theblock.co, 2024-07-23."
85,,Biztoc.com,theblock.co,BlackRock continues to eat spot Bitcoin ETF volume share,BlackRock's reputation and marketing prowess have made it a go-to choice for institutional & retail investors venturing into crypto ETFs.,https://biztoc.com/x/e304d9a085cdbaa8,https://biztoc.com/cdn/e304d9a085cdbaa8_s.webp,2024-07-23T21:27:04Z,"BlackRock's reputation and marketing prowess have made it a go-to choice for institutional &amp; retail investors venturing into crypto ETFs.
This story appeared on theblock.co, 2024-07-23."
86,,Biztoc.com,scmp.com,Tesla’s biggest fan Cathie Wood predicts the stock to soar 10-fold as robotaxis take off,"Wood is known for making outsize predictions, including her call that bitcoin would reach as much as US$1.48 million by 2030.",https://biztoc.com/x/2db841dd7d8a1585,https://biztoc.com/cdn/2db841dd7d8a1585_s.webp,2024-07-17T01:51:50Z,"Wood is known for making outsize predictions, including her call that bitcoin would reach as much as US$1.48 million by 2030.
This story appeared on scmp.com, 2024-07-17."
87,,Biztoc.com,247wallst.com,"Would a Trump Win Push Bitcoin Over $100,000?","The 2024 U.S. Presidential election is entering the stretch run. With Donald Trump leading polls, we take a look at what a win in November could do to the price of Bitcoin. Trump has made a number of positive quotes about the cryptocurrency and there’s reason…",https://biztoc.com/x/89a1b9cd1c5b4bc8,https://biztoc.com/cdn/800/og.png,2024-07-21T15:07:31Z,"The 2024 U.S. Presidential election is entering the stretch run. With Donald Trump leading polls, we take a look at what a win in November could do to the price of Bitcoin. Trump has made a number of… [+135 chars]"
88,,Biztoc.com,theblock.co,OKX launches bitcoin price guessing game ‘OKX Racer’ as Telegram mini-app craze continues,"OKX is the first major crypto exchange to release a Telegram mini-app, capitalizing on the buzzy trend for games like Hamster Kombat.",https://biztoc.com/x/6d853146ad3d6a7a,https://biztoc.com/cdn/6d853146ad3d6a7a_s.webp,2024-07-22T10:45:21Z,"OKX is the first major crypto exchange to release a Telegram mini-app, capitalizing on the buzzy trend for games like Hamster Kombat.
This story appeared on theblock.co, 2024-07-22."
89,,Biztoc.com,cnbc.com,Cryptocurrencies fall on day 1 of ether ETFs as Mt. Gox moves more bitcoin to creditors,"Cryptocurrencies fall on day 1 of ether ETFs as Mt. Gox moves more bitcoin to creditors CNBC
Spot Ethereum ETFs generate over $1 billion in trading volume on first day The Block
ETHV - VanEck Ethereum ETF | Holdings & Performance VanEck
US spot ether ETFs mak…",https://biztoc.com/x/ec39647802bfbeba,https://biztoc.com/cdn/800/og.png,2024-07-23T21:27:20Z,Cryptocurrencies fall on day 1 of ether ETFs as Mt. Gox moves more bitcoin to creditors CNBCSpot Ethereum ETFs generate over $1 billion in trading volume on first day The BlockETHV - VanEck Ethereum … [+135 chars]
90,,Biztoc.com,investors.com,"Coinbase Flashes Buy Signal On Bitcoin Rally, Leads 5 Stocks To Watch","While the market weakened late in the week, a number of stocks are trading in or near buy zones. Coinbase (COIN) surged above a buy point Friday on a bitcoin rebound, while Intuitive Surgical (ISRG) cleared buy points on earnings. Progressive (PGR) also is in…",https://biztoc.com/x/0669b1a927bbd6c7,https://biztoc.com/cdn/0669b1a927bbd6c7_s.webp,2024-07-20T12:06:40Z,"While the market weakened late in the week, a number of stocks are trading in or near buy zones. Coinbase (COIN) surged above a buy point Friday on a bitcoin rebound, while Intuitive Surgical (ISRG) … [+133 chars]"
91,,Biztoc.com,coindesk.com,"Indian Crypto Exchange Hack Sends SHIB, WRX Tumbling as Bitcoin, Tether Trade at Massive Discount","WazirX's native token WRX slumped 15% in dollar terms.
- SHIB has lost 6% since the attacker drained $100 million worth of the token from the Indian exchange.
- Most coins, including market leader bitcoin and tether, are trading at a significant discount on W…",https://biztoc.com/x/1ed3678dd4bed5d5,https://biztoc.com/cdn/1ed3678dd4bed5d5_s.webp,2024-07-18T09:56:45Z,"WazirX's native token WRX slumped 15% in dollar terms.- SHIB has lost 6% since the attacker drained $100 million worth of the token from the Indian exchange.- Most coins, including market leader bitc… [+129 chars]"
92,,Ilfattoquotidiano.it,F. Q.,Fermato il narcos Natalino Grasso: i soldi della cocaina spedita coi velieri investiti in Bitcoin,"Dal suo bilocale da 900 euro al mese a Cernusco sul Naviglio, nel Milanese, Natalino Grasso organizzava le spedizioni di cocaina via mare, gestendo le navi, gli equipaggi e la logistica dei trasbordi internazionali, principalmente da Venezuela e Martinica. Co…",https://www.ilfattoquotidiano.it/2024/07/22/fermato-narcos-natalino-grasso-soldi-cocaina-velieri-investiti-bitcoin/7632445/,https://st.ilfattoquotidiano.it/wp-content/uploads/2024/07/22/Barca-a-vela-1200x630.jpg,2024-07-22T14:11:32Z,"Parma, 22 lug. - (Adnkronos) - Il Gruppo Davines azienda attiva nel settore della cosmetica professionale con i marchi per lhaircare Davines e per lo skincare [ comfort zone ], certificata B Corp dal… [+5834 chars]"
93,,Daily Beast,Mini Racker,This Is Why Billionaire Tech Bros Are All in for Trump,"Photo Illustration by Erin O’Flynn/The Daily Beast/Getty Images
Silicon Valley billionaires and crypto fans are throwing their support—and money—at former President Donald Trump.“The Democratic Party has moved so far left that the Republican Party is now clo…",https://www.thedailybeast.com/why-billionaire-tech-bros-are-all-in-for-trump,"https://img.thedailybeast.com/image/upload/c_crop,d_placeholder_euli9k,h_1688,w_3000,x_0,y_0/dpr_2.0/c_limit,w_740/fl_lossy,q_auto/v1721257316/240717-crypto-tech-bros-embrace-trump-vance-hero_u2206c",2024-07-17T18:10:00Z,"Silicon Valley billionaires and crypto fans are throwing their supportand moneyat former President Donald Trump.
The Democratic Party has moved so far left that the Republican Party is now closest t… [+2947 chars]"
94,,BetaNews,Brian Fagioli,Bitwise debuts Ethereum ETF on NYSE,"Bitwise Asset Management has launched the Bitwise Ethereum ETF (ETHW), scheduled to start trading on the New York Stock Exchange on July 23. This marks the introduction of the first spot Ethereum fund in the U.S., providing investors with a new method to inve…",https://betanews.com/2024/07/22/bitwise-ethereum-etf-nyse/,https://betanews.com/wp-content/uploads/2017/07/ethereum-coin-50x50.jpg,2024-07-23T00:52:00Z,"Bitwise Asset Management has launched the Bitwise Ethereum ETF (ETHW), scheduled to start trading on the New York Stock Exchange on July 23. This marks the introduction of the first spot Ethereum fun… [+1081 chars]"
95,,CoinDesk,Bradley Keoun,Ethereum-Based Protocol Alkimiya Creates Market for Hedging Bitcoin Fees,One question is whether the protocol can pull in loyal bitcoin users – or if it will eventually end up on an Ethereum-compatible layer-2 network atop Bitcoin.,https://www.coindesk.com/tech/2024/07/23/ethereum-based-protocol-alkimiya-creates-market-for-hedging-bitcoin-fees/,https://www.coindesk.com/resizer/WfRU849BQsOjyS3SLqOV6-JYYd4=/1200x628/center/middle/cloudfront-us-east-1.images.arcpublishing.com/coindesk/H5CTNX4PARGOZII27ELTTBZUSU.png,2024-07-23T12:00:19Z,"Blockchain protocol Alkimiya launched, introducing a tool that allows users to hedge against volatile Bitcoin (BTC) transaction fee rates.
The hardest part might be getting hardline bitcoiners somet… [+3387 chars]"
96,,CoinDesk,Krisztian Sandor,Bitcoin Slips to Near $65K as Mt. Gox Creditors Receive Assets on Kraken,"The imminent distribution of nearly $9 billion worth of bitcoin and bitcoin cash to Mt. Gox creditors have been a major overhang on crypto markets, with investors concerned about how much of those assets will be sold.",https://www.coindesk.com/markets/2024/07/23/bitcoin-slips-to-near-65k-as-mt-gox-creditors-receive-assets-on-kraken/,https://www.coindesk.com/resizer/tIuJk6HmA6JZ5XzEGCogIEVuzrk=/1200x628/center/middle/cloudfront-us-east-1.images.arcpublishing.com/coindesk/P6YQA3I7BJAVZGG7QKHIMMHGJA.png,2024-07-23T20:33:32Z,"Please note that ourprivacy policy,terms of use,cookies, anddo not sell my personal informationhas been updated.
CoinDesk is anaward-winningmedia outlet that covers the cryptocurrency industry. Its … [+593 chars]"
97,,CoinDesk,George Kaloudis,Bitcoin Mining Is So Back (Except It's AI Now),"Hurting for revenue and profit, bitcoin miners are looking to activities outside mining bitcoin, such as hosting AI computers, to make up the difference. It's paying off, at least in their stock prices.",https://www.coindesk.com/opinion/2024/07/18/bitcoin-mining-is-so-back-except-its-ai-now/,https://www.coindesk.com/resizer/i1dVRFNcLQw10yre9I8SPb_jq_8=/1200x628/center/middle/cloudfront-us-east-1.images.arcpublishing.com/coindesk/NWJBPJVJKVB53OXLVSFFXPV62E.jpg,2024-07-18T19:17:39Z,"Bitcoin is up 7% over the last five days. You know what that means? Bitcoin mining is so back (until bitcoins price falls 5% over a five-day stretch again, after which itll be so over again
).
With… [+6997 chars]"
98,,CoinDesk,Alexander Blume,Bitcoin Summer 2024: What to Expect,"BTC is currently flat, caught in a plateau between narratives. What factors could wake the bull again? Alexander Blume, CEO of Two Prime, looks ahead.",https://www.coindesk.com/opinion/2024/07/17/bitcoin-summer-2024-what-to-expect/,https://www.coindesk.com/resizer/bnqyvFfym99O87z3Tf9yzWGKMxU=/1200x628/center/middle/cloudfront-us-east-1.images.arcpublishing.com/coindesk/RMRIG6CR2JC25J6GCZHDGRAK5U.jpg,2024-07-17T15:32:33Z,"Bitcoin is currently in a lull between narratives. The excitement and speculation and fast pace of inflows from the launch of the ETFs has subsided. Not much good news is on the horizon, perhaps unti… [+2898 chars]"
99,,CoinDesk,Omkar Godbole,"Indian Crypto Exchange Hack Sends SHIB, WRX Tumbling as Bitcoin, Tether Trade at Massive Discount","Most coins, including market leader bitcoin and USDT, are trading at a significant discount on WazirX.",https://www.coindesk.com/markets/2024/07/18/indian-crypto-exchange-hack-sends-shib-wrx-tumbling-as-bitcoin-tether-trade-at-massive-discount/,https://www.coindesk.com/resizer/ptL0eOtQ-Vm1vnbbmQrtdCP__bQ=/1200x628/center/middle/cloudfront-us-east-1.images.arcpublishing.com/coindesk/6MLC6M43OZFWTIWOZ54O6UT354.jpg,2024-07-18T09:49:52Z,"<ul><li>WazirX's native token WRX slumped 15% in dollar terms.
</li><li>SHIB has lost 6% since the attacker drained $100 million worth of the token from the Indian exchange.
</li><li>Most coins, in… [+1853 chars]"
